{"lr": 9.150781474575665e-05, "data_time": 0.011582708358764649, "grad_norm": 5.455366492271423, "loss": 0.4318366885185242, "decode.loss_ce.s0": 0.21256431490182875, "decode.acc_seg.s0": 98.68871307373047, "decode.loss_ce.s1": 0.0002950339156287285, "decode.acc_seg.s1": 100.0, "decode.loss_ce.s2": 0.00012726978631352731, "decode.acc_seg.s2": 100.0, "decode.loss_ce.s3": 1.3728339601581756e-05, "decode.acc_seg.s3": 100.0, "aux.loss_ce": 0.21883634626865386, "aux.acc_seg": 61.79325485229492, "time": 1.1048045396804809, "memory": 11150, "step": 50}
{"lr": 0.00014988676576403127, "data_time": 0.011783409118652343, "grad_norm": 0.7795432880520821, "loss": 0.04790431228466332, "decode.loss_ce.s0": 0.015388825628906488, "decode.acc_seg.s0": 100.0, "decode.loss_ce.s1": 3.2390900743198976e-07, "decode.acc_seg.s1": 100.0, "decode.loss_ce.s2": 4.438648913696053e-09, "decode.acc_seg.s2": 100.0, "decode.loss_ce.s3": 1.8969736058393247e-10, "decode.acc_seg.s3": 100.0, "aux.loss_ce": 0.03251515757292509, "aux.acc_seg": 100.0, "time": 1.0837482929229736, "memory": 4182, "step": 100}
{"lr": 0.000109946017602787, "data_time": 0.009578132629394531, "grad_norm": 0.23644812852144242, "loss": 0.007926279655657708, "decode.loss_ce.s0": 0.0036960736731998624, "decode.acc_seg.s0": 100.0, "decode.loss_ce.s1": 0.0, "decode.acc_seg.s1": 100.0, "decode.loss_ce.s2": 1.1179962502647079e-10, "decode.acc_seg.s2": 100.0, "decode.loss_ce.s3": 5.097716675867003e-11, "decode.acc_seg.s3": 100.0, "aux.loss_ce": 0.004230205772910267, "aux.acc_seg": 100.0, "time": 1.085463786125183, "memory": 4182, "step": 150}
{"lr": 0.0001, "data_time": 0.010641217231750488, "grad_norm": 0.1305042415857315, "loss": 0.006040542060509324, "decode.loss_ce.s0": 0.002326299052219838, "decode.acc_seg.s0": 100.0, "decode.loss_ce.s1": 0.0, "decode.acc_seg.s1": 100.0, "decode.loss_ce.s2": 1.9442718546258674e-10, "decode.acc_seg.s2": 100.0, "decode.loss_ce.s3": 0.0, "decode.acc_seg.s3": 100.0, "aux.loss_ce": 0.003714242926798761, "aux.acc_seg": 99.94454193115234, "time": 1.0788136720657349, "memory": 4182, "step": 200}
{"lr": 0.0001, "data_time": 0.008492732048034668, "grad_norm": 0.0745790191926062, "loss": 0.004402314743492753, "decode.loss_ce.s0": 0.0015579040889861062, "decode.acc_seg.s0": 100.0, "decode.loss_ce.s1": 0.0, "decode.acc_seg.s1": 100.0, "decode.loss_ce.s2": 0.0, "decode.acc_seg.s2": 100.0, "decode.loss_ce.s3": 0.0, "decode.acc_seg.s3": 100.0, "aux.loss_ce": 0.002844410590478219, "aux.acc_seg": 100.0, "time": 1.0769118785858154, "memory": 4182, "step": 250}
{"lr": 0.0001, "data_time": 0.007815361022949219, "grad_norm": 0.05141636971384287, "loss": 0.003109511826187372, "decode.loss_ce.s0": 0.0010875606734771282, "decode.acc_seg.s0": 100.0, "decode.loss_ce.s1": 0.0, "decode.acc_seg.s1": 100.0, "decode.loss_ce.s2": 1.0495565305745914e-09, "decode.acc_seg.s2": 100.0, "decode.loss_ce.s3": 0.0, "decode.acc_seg.s3": 100.0, "aux.loss_ce": 0.002021950014750473, "aux.acc_seg": 100.0, "time": 1.068509006500244, "memory": 4182, "step": 300}
