{"lr": 9.150781474575665e-05, "data_time": 0.008902859687805176, "grad_norm": 5.693152928352356, "loss": 0.43176313638687136, "decode.loss_ce.s0": 0.2127670470625162, "decode.acc_seg.s0": 98.12236022949219, "decode.loss_ce.s1": 0.00025551285252323197, "decode.acc_seg.s1": 100.0, "decode.loss_ce.s2": 0.0002199525310677127, "decode.acc_seg.s2": 100.0, "decode.loss_ce.s3": 2.0879470691997915e-05, "decode.acc_seg.s3": 100.0, "aux.loss_ce": 0.21849974766373634, "aux.acc_seg": 60.874122619628906, "time": 1.0392359495162964, "memory": 11150, "step": 50}
{"lr": 0.00014988676576403127, "data_time": 0.011500787734985352, "grad_norm": 0.9991767138242722, "loss": 0.05069908192381263, "decode.loss_ce.s0": 0.017548009799793363, "decode.acc_seg.s0": 100.0, "decode.loss_ce.s1": 8.109265951924613e-08, "decode.acc_seg.s1": 100.0, "decode.loss_ce.s2": 6.073148545339543e-11, "decode.acc_seg.s2": 100.0, "decode.loss_ce.s3": 1.4642857759650242e-11, "decode.acc_seg.s3": 100.0, "aux.loss_ce": 0.03315099135506898, "aux.acc_seg": 99.9967269897461, "time": 1.089654564857483, "memory": 4184, "step": 100}
{"lr": 0.000109946017602787, "data_time": 0.010602331161499024, "grad_norm": 0.20057302191853524, "loss": 0.007401600759476423, "decode.loss_ce.s0": 0.0029697567806579173, "decode.acc_seg.s0": 100.0, "decode.loss_ce.s1": 1.276322478538372e-08, "decode.acc_seg.s1": 100.0, "decode.loss_ce.s2": 2.1984755630560793e-10, "decode.acc_seg.s2": 100.0, "decode.loss_ce.s3": 0.0, "decode.acc_seg.s3": 100.0, "aux.loss_ce": 0.004431830975227058, "aux.acc_seg": 100.0, "time": 1.0623295545578002, "memory": 4184, "step": 150}
{"lr": 0.0001, "data_time": 0.01143043041229248, "grad_norm": 0.14458235390484334, "loss": 0.005699265853036195, "decode.loss_ce.s0": 0.0022109994606580585, "decode.acc_seg.s0": 100.0, "decode.loss_ce.s1": 1.386979246731368e-12, "decode.acc_seg.s1": 100.0, "decode.loss_ce.s2": 0.0, "decode.acc_seg.s2": 100.0, "decode.loss_ce.s3": 0.0, "decode.acc_seg.s3": 100.0, "aux.loss_ce": 0.0034882663807366044, "aux.acc_seg": 100.0, "time": 1.0781176567077637, "memory": 4184, "step": 200}
{"lr": 0.0001, "data_time": 0.011205911636352539, "grad_norm": 0.0695776842534542, "loss": 0.0040869253978598865, "decode.loss_ce.s0": 0.0013436447188723832, "decode.acc_seg.s0": 100.0, "decode.loss_ce.s1": 0.0, "decode.acc_seg.s1": 100.0, "decode.loss_ce.s2": 0.0, "decode.acc_seg.s2": 100.0, "decode.loss_ce.s3": 0.0, "decode.acc_seg.s3": 100.0, "aux.loss_ce": 0.0027432807022705675, "aux.acc_seg": 100.0, "time": 1.062658429145813, "memory": 4184, "step": 250}
{"lr": 0.0001, "data_time": 0.006454658508300781, "grad_norm": 0.05531444065272808, "loss": 0.00304210192989558, "decode.loss_ce.s0": 0.0011382226715795697, "decode.acc_seg.s0": 100.0, "decode.loss_ce.s1": 0.0, "decode.acc_seg.s1": 100.0, "decode.loss_ce.s2": 0.0, "decode.acc_seg.s2": 100.0, "decode.loss_ce.s3": 0.0, "decode.acc_seg.s3": 100.0, "aux.loss_ce": 0.0019038793310755865, "aux.acc_seg": 100.0, "time": 1.044028878211975, "memory": 4184, "step": 300}
